build,iteration,step,wall_ms,cpu_ms,alloc_mb,gc_ms,max_ui_gap_ms,heap_after_mb,items
jx,0,startup,466,281,26.4,7,25,4.0,1
jx,1,fxml_all,3588,3828,1793.4,501,65,29.2,232
jx,1,search,901,828,517.8,79,18,31.2,402
jx,1,open_record,952,296,21.4,10,26,37.6,1
jx,2,fxml_all,699,609,162.2,52,25,34.1,232
jx,2,search,738,593,516.3,58,18,29.9,402
jx,2,open_record,805,93,17.1,0,16,35.2,1
jx,3,fxml_all,491,437,162.1,42,27,33.8,232
jx,3,search,632,500,514.1,50,416,33.1,402
jx,3,open_record,882,250,17.1,0,16,35.3,1
jx,4,fxml_all,502,390,162.4,43,23,33.8,232
jx,4,search,678,562,516.5,54,16,33.0,402
jx,4,open_record,858,203,17.1,0,17,38.3,1
jx,5,fxml_all,629,546,162.2,43,26,31.0,232
jx,5,search,815,687,514.7,64,606,31.7,402
jx,5,open_record,860,281,17.1,0,16,37.2,1
jx,6,fxml_all,634,625,162.9,46,25,33.9,232
jx,6,search,577,437,515.9,49,388,30.0,402
jx,6,open_record,843,62,17.1,0,17,35.4,1
jx,7,fxml_all,481,359,162.4,30,21,34.1,232
jx,7,search,577,437,514.9,48,372,33.0,402
jx,7,open_record,827,62,17.0,0,16,35.3,1
jx,8,fxml_all,519,546,165.4,34,20,34.4,232
jx,8,search,566,421,515.8,50,371,33.4,402
jx,8,open_record,842,62,17.1,0,17,38.7,1
jx,9,fxml_all,491,406,162.3,32,18,31.4,232
jx,9,search,854,687,514.6,65,607,32.1,402
jx,9,open_record,858,109,17.1,0,17,37.6,1
jx,10,fxml_all,664,671,162.0,46,21,34.5,232
jx,10,search,831,640,514.7,66,16,30.3,402
jx,10,open_record,897,203,17.0,0,16,35.7,1
