"metric","purefx","javafx","native"
"exit_code",,,
"wall_ms","8991.8","9098.2","7674.1"
"peak_working_set_bytes","304832512","330747904","299065344"
"peak_private_bytes","647884800","672489472","667357184"
"backend_native","2","0","1"
"start_uptime_ms","430","450","300"
"fields","60","60","60"
"nodes_created","10148","10148","10148"
"build_show_ns","653567300","703336300","868594600"
"build_to_frame_ns","729152200","777950200","887865200"
"build_cpu_ns","2250000000","2515625000","1578125000"
"build_allocated_bytes","59854256","64983208","39858560"
"first_frame_uptime_ms","1169","1244","1204"
"records_ns","775403400","801821600","859051600"
"records_work_ns","109234000","173156000","18412800"
"records_cpu_ns","2812500000","3046875000","1546875000"
"records_allocated_bytes","30153264","30172024","42414752"
"tabs_ns","577655100","480492600","267994900"
"tabs_cpu_ns","750000000","437500000","875000000"
"tabs_allocated_bytes","2103672","2186224","13696456"
"scroll_ns","3200140400","3215809400","1779412900"
"scroll_cpu_ns","4156250000","4062500000","3453125000"
"scroll_thread_cpu_ns","781250000","906250000","890625000"
"scroll_allocated_bytes","165525792","178540872","287330352"
"sustained_ns","2532685100","2533393800","2499215900"
"sustained_cpu_ns","2250000000","2343750000","1203125000"
"sustained_thread_cpu_ns","812500000","859375000","593750000"
"sustained_app_thread_cpu_ns","281250000","296875000","234375000"
"sustained_render_thread_cpu_ns","500000000","484375000","265625000"
"sustained_allocated_bytes","22603560","22625320","212794568"
"frame_max_index","131","136","132"
"sustained_frames","600","600","600"
"sustained_fps_x100","23690","23683","24007"
"frame_p50_us","4153","4150","4163"
"frame_p95_us","7216","7117","4279"
"frame_p99_us","8093","8058","4387"
"frame_max_us","11676","11450","6708"
"jank_frames","0","0","0"
"big_items_ns","11570400","19673200","28191300"
"big_to_frame_ns","24215400","33033400","44523100"
"big_cpu_ns","78125000","78125000","203125000"
"big_allocated_bytes","35489760","47998472","59687016"
"gc_count","6","6","12"
"gc_time_ms","115","73","81"
"heap_peak_bytes","90281248","110405752","78948240"
"nonheap_bytes","41530368","43663152","37401336"
"allocated_total_bytes","325929040","357927976","669519256"
"process_cpu_total_ns","12812500000","12718750000","9453125000"
"thread_cpu_total_ns","3359375000","3703125000","3375000000"
"classes_loaded","3603","3747","3286"
"thread_count","12","12","13"
"heap_live_after_gc_bytes","50651368","63520952","50621608"
"done_uptime_ms","8445","8538","6907"
