metric,stack,n,m,median_baseline,q1_baseline,q3_baseline,median_stack,q1_stack,q3_stack,U,p_exact,p_holm,cliffs_delta
build_to_frame_ns,javafx,10,10,638282400.0,628003700.0,646199375.0,680246300.0,677437250.0,681767250.0,97.0,7.58e-05,0.00114,0.940
build_to_frame_ns,native,10,10,638282400.0,628003700.0,646199375.0,493764000.0,490616950.0,498230850.0,0.0,1.08e-05,0.000455,-1.000
first_frame_process_cpu_ns,javafx,10,10,1195312500.0,1175781250.0,1265625000.0,1289062500.0,1222656250.0,1324218750.0,71.0,0.116,0.874,0.420
first_frame_process_cpu_ns,native,10,10,1195312500.0,1175781250.0,1265625000.0,1351562500.0,1285156250.0,1371093750.0,81.0,0.0174,0.192,0.620
records_allocated_bytes,javafx,10,10,24317908.0,24160064.0,24421282.0,24555860.0,24211354.0,24741114.0,66.0,0.247,1,0.320
records_allocated_bytes,native,10,10,24317908.0,24160064.0,24421282.0,10301692.0,10292904.0,10305264.0,0.0,1.08e-05,0.000455,-1.000
records_cpu_ns,javafx,10,10,1015625000.0,785156250.0,1105468750.0,921875000.0,843750000.0,996093750.0,39.0,0.424,1,-0.220
records_cpu_ns,native,10,10,1015625000.0,785156250.0,1105468750.0,578125000.0,550781250.0,593750000.0,0.5,2.17e-05,0.000455,-0.990
tabs_allocated_bytes,javafx,10,10,1877312.0,1870906.0,1878346.0,1902088.0,1901904.0,1902206.0,100.0,1.08e-05,0.000455,1.000
tabs_allocated_bytes,native,10,10,1877312.0,1870906.0,1878346.0,1237952.0,1231856.0,1243920.0,0.0,1.08e-05,0.000455,-1.000
tabs_cpu_ns,javafx,10,10,179687500.0,140625000.0,210937500.0,125000000.0,62500000.0,261718750.0,41.0,0.515,1,-0.180
tabs_cpu_ns,native,10,10,179687500.0,140625000.0,210937500.0,70312500.0,46875000.0,89843750.0,4.0,0.000141,0.00183,-0.920
scroll_allocated_bytes,javafx,10,10,147308564.0,147299488.0,147443948.0,160683412.0,160547692.0,160721684.0,100.0,1.08e-05,0.000455,1.000
scroll_allocated_bytes,native,10,10,147308564.0,147299488.0,147443948.0,52275972.0,52142494.0,52384768.0,0.0,1.08e-05,0.000455,-1.000
scroll_app_allocated_bytes,javafx,10,10,131363088.0,131357240.0,131529708.0,144839092.0,144664746.0,144877332.0,100.0,1.08e-05,0.000455,1.000
scroll_app_allocated_bytes,native,10,10,131363088.0,131357240.0,131529708.0,45257668.0,45080490.0,45312540.0,0.0,1.08e-05,0.000455,-1.000
scroll_render_allocated_bytes,javafx,10,10,15884272.0,15866600.0,15894864.0,15794456.0,15794430.0,15833042.0,7.0,0.000465,0.00559,-0.860
scroll_render_allocated_bytes,native,10,10,15884272.0,15866600.0,15894864.0,7046172.0,7002826.0,7086630.0,0.0,1.08e-05,0.000455,-1.000
scroll_cpu_ns,javafx,10,10,1406250000.0,1328125000.0,1492187500.0,1554687500.0,1488281250.0,1617187500.0,80.0,0.0216,0.216,0.600
scroll_cpu_ns,native,10,10,1406250000.0,1328125000.0,1492187500.0,1109375000.0,1046875000.0,1148437500.0,0.0,1.08e-05,0.000455,-1.000
sustained_allocated_bytes,javafx,10,10,21788652.0,21616772.0,21788742.0,21524872.0,21524790.0,21524964.0,0.0,1.08e-05,0.000455,-1.000
sustained_allocated_bytes,native,10,10,21788652.0,21616772.0,21788742.0,18352460.0,18279896.0,18365398.0,0.0,1.08e-05,0.000455,-1.000
sustained_cpu_ns,javafx,10,10,2351562500.0,1890625000.0,2402343750.0,1742187500.0,1566406250.0,1937500000.0,28.5,0.109,0.874,-0.430
sustained_cpu_ns,native,10,10,2351562500.0,1890625000.0,2402343750.0,515625000.0,488281250.0,542968750.0,0.0,1.08e-05,0.000455,-1.000
sustained_thread_cpu_ns,javafx,10,10,1390625000.0,1156250000.0,1453125000.0,1117187500.0,1011718750.0,1230468750.0,31.5,0.171,1,-0.370
sustained_thread_cpu_ns,native,10,10,1390625000.0,1156250000.0,1453125000.0,335937500.0,312500000.0,371093750.0,0.0,1.08e-05,0.000455,-1.000
big_allocated_bytes,javafx,10,10,48557592.0,48460228.0,48569858.0,45443424.0,45440222.0,45451944.0,0.0,1.08e-05,0.000455,-1.000
big_allocated_bytes,native,10,10,48557592.0,48460228.0,48569858.0,42457640.0,42234092.0,42583844.0,0.0,1.08e-05,0.000455,-1.000
big_cpu_ns,javafx,10,10,93750000.0,78125000.0,105468750.0,93750000.0,93750000.0,93750000.0,58.5,0.513,1,0.170
big_cpu_ns,native,10,10,93750000.0,78125000.0,105468750.0,93750000.0,93750000.0,93750000.0,55.0,0.523,1,0.100
allocated_total_bytes,javafx,10,10,312180928.0,312149432.0,312329744.0,326395452.0,326176596.0,326481158.0,100.0,1.08e-05,0.000455,1.000
allocated_total_bytes,native,10,10,312180928.0,312149432.0,312329744.0,168157336.0,167878326.0,168198674.0,0.0,1.08e-05,0.000455,-1.000
heap_live_after_gc_bytes,javafx,10,10,46579196.0,46577636.0,46627442.0,42851848.0,42846368.0,42856270.0,0.0,1.08e-05,0.000455,-1.000
heap_live_after_gc_bytes,native,10,10,46579196.0,46577636.0,46627442.0,32456188.0,32455098.0,32462634.0,0.0,1.08e-05,0.000455,-1.000
heap_peak_bytes,javafx,10,10,61609748.0,61598706.0,61645392.0,54688920.0,54680714.0,54694576.0,0.0,1.08e-05,0.000455,-1.000
heap_peak_bytes,native,10,10,61609748.0,61598706.0,61645392.0,41652208.0,40160530.0,42044272.0,0.0,1.08e-05,0.000455,-1.000
peak_working_set_bytes,javafx,10,10,146675712.0,146536448.0,146833408.0,144896000.0,144756736.0,145122304.0,0.0,1.08e-05,0.000455,-1.000
peak_working_set_bytes,native,10,10,146675712.0,146536448.0,146833408.0,154142720.0,149167104.0,155044864.0,79.0,0.0288,0.259,0.580
peak_private_bytes,javafx,10,10,205148160.0,205044736.0,205466624.0,198475776.0,197915648.0,198667264.0,0.0,1.08e-05,0.000455,-1.000
peak_private_bytes,native,10,10,205148160.0,205044736.0,205466624.0,186839040.0,185558016.0,186948608.0,0.0,1.08e-05,0.000455,-1.000
gc_count,javafx,10,10,36.0,36.0,36.0,37.0,37.0,37.0,95.0,0.000119,0.00167,0.900
gc_count,native,10,10,36.0,36.0,36.0,30.5,30.0,31.0,0.0,1.08e-05,0.000455,-1.000
