"backend","run","exit_code","wall_ms","peak_working_set_bytes","peak_private_bytes","backend_native","start_uptime_ms","fields","nodes_created","build_show_ns","build_to_frame_ns","build_cpu_ns","build_allocated_bytes","first_frame_uptime_ms","first_frame_process_cpu_ns","records_ns","records_work_ns","records_cpu_ns","records_allocated_bytes","tabs_ns","tabs_cpu_ns","tabs_allocated_bytes","scroll_ns","scroll_cpu_ns","scroll_thread_cpu_ns","scroll_allocated_bytes","scroll_app_allocated_bytes","scroll_render_allocated_bytes","sustained_ns","sustained_cpu_ns","sustained_thread_cpu_ns","sustained_app_thread_cpu_ns","sustained_render_thread_cpu_ns","sustained_allocated_bytes","frame_max_index","sustained_frames","sustained_fps_x100","frame_p50_us","frame_p95_us","frame_p99_us","frame_max_us","jank_frames","big_items_ns","big_to_frame_ns","big_cpu_ns","big_allocated_bytes","gc_count","gc_time_ms","heap_peak_bytes","nonheap_bytes","allocated_total_bytes","process_cpu_total_ns","thread_cpu_total_ns","classes_loaded","thread_count","heap_live_after_gc_bytes","done_uptime_ms"
"purefx","1",,"31451.7","146481152","205066240","2","371","60","10148","577415500","639548200","843750000","59474072","1023","1234375000","3244145900","118305200","812500000","24462472","957453500","31250000","1869624","6480142800","1390625000","937500000","147443344","131530720","15862912","18800013300","2000000000","1156250000","375000000","734375000","21580224","10","600","3191","31998","32572","32852","48501","575","73283200","122421800","78125000","48604224","36","182","61577432","16470864","312214152","5593750000","3640625000","3555","12","46674536","30795"
"javafx","1",,"31445.4","144388096","198049792","0","395","60","10148","603710200","665351300","875000000","62731496","1073","1343750000","3243580700","124078600","859375000","24593888","972903600","187500000","1902392","6496206200","1531250000","968750000","160692784","144820432","15822568","18816385000","2796875000","1656250000","500000000","1093750000","21524912","59","600","3188","31998","32576","33054","48667","576","84110400","136312700","93750000","45457744","37","202","54685664","17372136","326268912","6812500000","4234375000","3700","12","42851568","30921"
"native","1",,"3011.4","154157056","186753024","1","228","60","10148","408404800","522949100","984375000","27704112","756","1375000000","377754400","16569800","546875000","10309136","39660300","78125000","1243920","579400600","1062500000","718750000","52479632","45451840","7003840","327168600","500000000","328125000","109375000","187500000","18449736","592","600","183391","504","730","958","2359","0","95992200","100725100","125000000","42234376","31","132","37623648","15542328","168381096","3687500000","2515625000","3236","14","32458288","2261"
"purefx","2",,"31431.1","146591744","205365248","2","363","60","10148","568907300","621633000","765625000","59418912","997","1156250000","3242933100","117637900","828125000","24644552","958100400","62500000","1879256","6464250300","1437500000","937500000","147301096","131355760","15895584","18815459600","1796875000","1031250000","296875000","687500000","21788568","10","600","3188","31998","32556","33842","48486","573","70984800","123095100","93750000","48428888","36","181","61645784","16469912","312285696","5375000000","3453125000","3555","12","46579264","30771"
"javafx","2",,"31550.6","144916480","198291456","0","375","60","10148","611123000","680472900","921875000","63063504","1068","1312500000","3227632900","130318100","906250000","24635416","973151300","15625000","1902448","6495979800","1546875000","1093750000","160583264","144738936","15794416","18831844000","1640625000","1093750000","453125000","531250000","21537584","10","600","3186","31997","32555","32926","48039","574","81557800","122885500","62500000","45635016","37","205","54700384","17394712","326715416","5515625000","3734375000","3700","12","42852488","30887"
"native","2",,"3031.1","147988480","186941440","1","227","60","10148","398172800","497254000","968750000","28250568","730","1312500000","397955200","17014000","578125000","10330952","36664200","78125000","1243920","568840300","1062500000","703125000","52111608","44981640","7106240","317566500","546875000","359375000","171875000","171875000","18272376","125","600","188936","492","729","1003","1903","0","89328600","95431300","93750000","42650904","30","120","40012856","15577632","168256096","3671875000","2515625000","3238","14","32449672","2231"
"purefx","3",,"31267.5","146567168","205611008","2","357","60","10148","573263400","636686900","828125000","59994128","1009","1296875000","3244613100","115580700","953125000","23959400","972333200","312500000","1889440","6479585000","1140625000","734375000","147276536","131359472","15867192","18751498800","937500000","703125000","375000000","203125000","21798248","10","600","3199","31996","32605","45185","47872","567","71196400","123499600","78125000","48424728","36","180","61552608","16473552","312249576","4734375000","3062500000","3555","12","46676272","30749"
"javafx","3",,"31562.6","144994304","198213632","0","392","60","10148","627067900","697155300","875000000","63365640","1102","1281250000","3243402400","122286300","781250000","24175512","957081300","93750000","1902184","6495213600","1640625000","1000000000","160724552","144880080","15794456","18799324800","1828125000","1125000000","375000000","671875000","21524920","10","600","3191","31998","32596","32807","48531","575","78514700","121814200","125000000","45445192","37","198","54689400","17380656","326627776","5765625000","3703125000","3700","12","42841696","30888"
"native","3",,"2995","152915968","184606720","1","240","60","10148","381521300","476740500","890625000","27471616","725","1312500000","387609900","16768600","546875000","10293256","38524400","46875000","1231816","582292100","1031250000","687500000","52563288","45423656","7115824","330429000","562500000","359375000","125000000","203125000","18365624","34","600","181582","510","771","1085","2014","0","99826900","103571300","109375000","42157616","31","133","36373928","15560280","168111888","3625000000","2453125000","3236","14","32455320","2260"
