"backend","run","exit_code","wall_ms","peak_working_set_bytes","peak_private_bytes","backend_native","start_uptime_ms","fields","nodes_created","build_show_ns","build_to_frame_ns","build_cpu_ns","build_allocated_bytes","first_frame_uptime_ms","records_ns","records_work_ns","records_cpu_ns","records_allocated_bytes","tabs_ns","tabs_cpu_ns","tabs_allocated_bytes","scroll_ns","scroll_cpu_ns","scroll_allocated_bytes","sustained_ns","sustained_cpu_ns","sustained_allocated_bytes","sustained_frames","sustained_fps_x100","frame_p50_us","frame_p95_us","frame_p99_us","frame_max_us","jank_frames","big_items_ns","big_to_frame_ns","big_cpu_ns","big_allocated_bytes","gc_count","gc_time_ms","heap_peak_bytes","nonheap_bytes","allocated_total_bytes","process_cpu_total_ns","classes_loaded","thread_count","heap_live_after_gc_bytes","done_uptime_ms"
"javafx","1",,"9010.3","162160640","228065280","0","418","60","10148","702824300","767608000","953125000","64521120","1190","636343800","128673200","1000000000","24690968","477250500","234375000","1897080","3231884200","1500000000","159351440","2523356300","1468750000","21637760","600","23777","4159","7095","7748","9065","0","112802900","127139500","125000000","57542128","36","233","67903472","17287152","338708200","5734375000","3678","12","55134664","8364"
"native","1",,"8406.5","199188480","277667840","1","445","60","10148","770742600","801221100","953125000","37533184","1250","630594100","16759400","859375000","70282968","330477200","515625000","72400304","2803260800","3453125000","1567223656","2500529900","1281250000","403811512","600","23994","4167","4205","4256","4321","0","121498400","156546200","171875000","62576400","312","497","59813888","15745952","2231431024","7781250000","3231","13","48171752","7798"
"javafx","2",,"9030.2","161435648","226729984","0","408","60","10148","715909900","782827400","890625000","64520984","1196","615131100","122095100","953125000","24722104","481695000","203125000","1897080","3232810000","1578125000","159571640","2521800400","1671875000","21375576","600","23792","4145","6999","7797","15041","0","108095900","123294500","109375000","57666824","36","229","67658440","17263272","338839128","5906250000","3678","12","55126024","8335"
"native","2",,"8456.5","193396736","277831680","1","447","60","10148","749995200","781578900","1031250000","37723864","1234","624946200","35338900","671875000","70276088","335327600","468750000","72649472","2884238200","3921875000","1580680944","2500667400","1156250000","403938104","600","23993","4165","4208","4260","4283","0","139562400","151290000","156250000","61937424","317","491","59192272","15746024","2245803584","7921875000","3231","13","48392096","7855"
"javafx","3",,"8875.1","162697216","227106816","0","415","60","10148","681800600","748553900","968750000","64489760","1168","647662300","123423100","812500000","24777536","482021400","218750000","1897080","3215522600","1703125000","158903688","2525072400","1953125000","21375592","600","23761","4133","6915","7829","16020","0","108756600","120181700","125000000","57628272","36","225","67460176","17281944","338149400","6234375000","3678","12","55135952","8327"
"native","3",,"8612.8","191115264","271958016","1","446","60","10148","783366700","810418000","1015625000","37882456","1261","617297400","16334900","640625000","70589736","339350400","437500000","68431536","2871279400","3984375000","1587769560","2500680400","1000000000","403764504","600","23993","4166","4213","4269","8308","0","129035700","140036300","156250000","61883848","320","472","58123576","15748720","2248748840","7750000000","3231","13","46439056","7853"
"javafx","4",,"8894","162144256","227688448","0","430","60","10148","699795800","768093500","1015625000","64489272","1204","640476500","123398100","843750000","24813008","472963400","15625000","1897032","3215468100","1578125000","159621560","2522660900","1453125000","21375104","600","23784","4141","6783","7838","9746","0","107607500","119986800","125000000","57663432","36","226","67513984","17286216","338932744","5515625000","3678","12","55130504","8347"
"native","4",,"8376.9","198774784","277336064","1","447","60","10148","747743400","773370700","1031250000","37483568","1225","625771700","17438400","750000000","70686720","339095200","453125000","73468664","2808673200","3953125000","1557156224","2500559400","1203125000","403885272","600","23994","4166","4207","4244","4262","0","121090300","156584600","156250000","61565488","312","492","53645288","15743752","2220833560","8078125000","3231","13","48122760","7784"
"javafx","5",,"8820.6","162029568","227508224","0","414","60","10148","670983600","734887300","984375000","64458776","1153","626647900","125131500","812500000","24678712","472260800","203125000","1897080","3216018300","1453125000","159389168","2527248100","1265625000","21610744","600","23741","4142","6978","7722","14098","0","106208100","116953500","93750000","57528672","36","221","67360656","17287208","338650392","5296875000","3678","12","55127016","8275"
"native","5",,"8507.7","195100672","276520960","1","467","60","10148","766529600","792884000","953125000","37723800","1264","627086400","17465900","843750000","70596960","334425300","484375000","70118608","2913372800","3718750000","1601533632","2500597300","1406250000","402716528","600","23994","4165","4212","4249","4434","0","127635300","139168600","140625000","61590608","324","482","58792952","15746496","2262853888","8109375000","3231","13","48220856","7909"
