"backend","run","exit_code","wall_ms","peak_working_set_bytes","peak_private_bytes","backend_native","start_uptime_ms","fields","nodes_created","build_show_ns","build_to_frame_ns","build_cpu_ns","build_allocated_bytes","first_frame_uptime_ms","records_ns","records_work_ns","records_cpu_ns","records_allocated_bytes","tabs_ns","tabs_cpu_ns","tabs_allocated_bytes","scroll_ns","scroll_cpu_ns","scroll_thread_cpu_ns","scroll_allocated_bytes","sustained_ns","sustained_cpu_ns","sustained_thread_cpu_ns","sustained_app_thread_cpu_ns","sustained_render_thread_cpu_ns","sustained_allocated_bytes","frame_max_index","sustained_frames","sustained_fps_x100","frame_p50_us","frame_p95_us","frame_p99_us","frame_max_us","jank_frames","big_items_ns","big_to_frame_ns","big_cpu_ns","big_allocated_bytes","gc_count","gc_time_ms","heap_peak_bytes","nonheap_bytes","allocated_total_bytes","process_cpu_total_ns","thread_cpu_total_ns","classes_loaded","thread_count","heap_live_after_gc_bytes","done_uptime_ms"
"purefx","1",,"8801.6","148119552","204316672","2","402","60","10148","666526000","726194100","843750000","59588856","1137","654412900","128321000","812500000","24475168","470683200","171875000","1863048","3215846800","1515625000","1000000000","147136952","2517860800","1859375000","1015625000","218750000","765625000","21617096","53","600","23829","4152","7102","7851","8475","0","86059500","98927700","125000000","48624416","36","196","61443664","16464120","311931616","5718750000","3687500000","3550","12","46581024","8252"
"javafx","1",,"9002.5","161923072","227483648","0","408","60","10148","692045200","766107000","984375000","65101136","1183","607692100","120929100","796875000","23890032","468919800","203125000","1897040","3215697000","1546875000","1000000000","159058024","2524907900","1328125000","937500000","515625000","406250000","21435360","39","600","23763","4156","7044","7886","12646","0","114525800","127309300","140625000","57690648","36","234","66828776","17338400","338232136","5500000000","3671875000","3695","12","55151032","8295"
"native","1",,"7230.6","166117376","215089152","1","246","60","10148","839092100","856796700","1046875000","37286312","1108","583875100","17214000","578125000","62145768","326770600","203125000","19016592","1691830100","1265625000","734375000","384628592","2532877000","1546875000","890625000","609375000","234375000","360236216","239","600","23688","4162","4272","4433","44024","1","118729600","122508900","140625000","56814064","138","255","52797720","15479048","932934032","5093750000","3234375000","3210","13","44241024","6488"
"purefx","2",,"8725.3","148013056","205680640","2","395","60","10148","638199100","707514600","890625000","60052416","1108","619863700","118409600","750000000","24201688","477309800","156250000","1885104","3215880300","1562500000","984375000","148187968","2520073600","1937500000","1093750000","343750000","734375000","21698552","9","600","23808","4121","7046","7989","16061","0","77831200","90784900","78125000","48383064","36","189","61432064","16461128","313023848","5875000000","3625000000","3550","12","46597616","8177"
"javafx","2",,"9077.3","161320960","226422784","0","419","60","10148","709452700","781628300","1000000000","64497640","1205","656512800","127313000","1031250000","24683176","473487600","15625000","1897032","3232425100","1515625000","1031250000","159459912","2520602100","1734375000","1078125000","421875000","640625000","21670816","9","600","23803","4150","6857","7750","15548","0","110477000","122952800","156250000","57587192","36","235","67896320","17354696","338901136","5968750000","3843750000","3695","12","55126552","8379"
"native","2",,"7248.8","166363136","213483520","1","267","60","10148","819969900","835150600","1062500000","37307864","1107","567505800","17973300","531250000","62039808","322457900","281250000","19001088","1683628300","1156250000","718750000","384827000","2532891500","1531250000","875000000","625000000","203125000","359816608","68","600","23688","4163","4281","4467","43927","1","115051300","119880000","125000000","56644872","139","253","53138288","15483512","932445688","5031250000","3234375000","3210","13","44240888","6463"
"purefx","3",,"8848.4","148344832","205500416","2","397","60","10148","644591900","707197200","890625000","59910328","1109","625910300","115052700","921875000","24033272","472046600","234375000","1863032","3200603700","1390625000","890625000","147308032","2520538400","1953125000","1125000000","359375000","703125000","21707024","53","600","23804","4135","6980","8146","11083","0","79201900","93652300","93750000","48362320","36","191","61700184","16458992","311781632","5921875000","3656250000","3550","12","46594736","8166"
"javafx","3",,"8884.6","162643968","227893248","0","417","60","10148","688351600","752600500","1000000000","64381384","1175","644544400","128076300","843750000","24837832","483834500","125000000","1897120","3215629900","1578125000","1031250000","159339632","2518528200","1437500000","953125000","468750000","421875000","21670728","9","600","23823","4116","7108","7765","16033","0","115412200","126853000","109375000","57517440","36","233","67258232","17361880","338766624","5562500000","3703125000","3695","12","55146136","8330"
"native","3",,"7194.8","165789696","213901312","1","242","60","10148","828189800","841832100","1031250000","37221080","1089","569763100","17555800","562500000","62265184","313954500","171875000","18996032","1683485600","1421875000","906250000","384676192","2536359600","1453125000","906250000","531250000","312500000","360318600","68","600","23655","4161","4285","4553","45774","1","118078000","123034000","140625000","56677592","138","257","52798000","15499352","932965744","5046875000","3406250000","3212","13","44241016","6440"
"purefx","4",,"8734.4","147419136","204312576","2","386","60","10148","635823400","692156700","921875000","59420256","1083","639860800","119803300","890625000","24605360","472947100","15625000","1883368","3216174300","1375000000","906250000","148186840","2519756300","1875000000","1015625000","265625000","734375000","21698448","9","600","23811","4153","6954","7600","16035","0","85370600","98979000","93750000","48383016","36","194","61553752","16456936","312793512","5625000000","3500000000","3550","12","46581296","8177"
"javafx","4",,"8920.3","162566144","227905536","0","431","60","10148","716234100","782704100","984375000","64554320","1220","640048300","118590400","609375000","24687688","472082900","203125000","1897040","3215906200","1734375000","1125000000","159636168","2521665700","1468750000","906250000","390625000","515625000","21460840","9","600","23793","4149","6965","7882","8326","0","115871400","127836100","140625000","57625344","36","234","67284848","17349792","338988064","5671875000","3781250000","3695","12","55125952","8367"
"native","4",,"7201.3","166215680","214777856","1","254","60","10148","814457800","834051600","1000000000","37199904","1092","559552000","18208200","484375000","62232384","322288800","109375000","19011048","1683410800","1250000000","843750000","384706280","2532936400","1500000000","828125000","593750000","203125000","360319104","64","600","23687","4161","4291","4441","42710","1","126389900","131791400","125000000","56813264","138","257","55523616","15475824","933088552","4828125000","3203125000","3210","13","44239608","6448"
"purefx","5",,"8727.5","148721664","206024704","2","389","60","10148","655259300","724612700","921875000","59952072","1118","620578700","117066600","781250000","24109272","477662400","0","1865264","3216342500","1156250000","812500000","147324304","2514441300","2031250000","1062500000","203125000","796875000","21702816","52","600","23862","4156","6918","7928","10919","0","78288700","90172900","78125000","48577816","36","194","61708440","16464784","312187128","5468750000","3390625000","3550","12","46596088","8183"
"javafx","5",,"9043","161685504","227434496","0","428","60","10148","692814700","765681500","875000000","64701344","1198","634514200","126789200","906250000","24268512","479432200","234375000","1897080","3231761000","1500000000","1015625000","159057136","2518673600","1375000000","921875000","390625000","500000000","21442072","9","600","23822","4134","6942","7888","16070","0","111563800","123325600","125000000","57738144","36","232","67467816","17363856","338236416","5500000000","3687500000","3695","12","55148288","8354"
"native","5",,"7225.6","166096896","214183936","1","253","60","10148","816252000","830206500","1062500000","37170120","1087","584559400","18084300","703125000","62233880","322042700","250000000","19005232","1687487700","1328125000","875000000","384580048","2532706600","1390625000","875000000","640625000","218750000","360367496","434","600","23690","4162","4280","4416","44233","1","119779700","124575100","125000000","56818080","138","255","53491344","15476288","932981400","5171875000","3421875000","3210","13","44240312","6466"
"purefx","6",,"8787.9","147369984","203616256","2","418","60","10148","664820200","723626900","890625000","59727576","1146","650162200","121640000","843750000","24273208","478520400","140625000","1823872","3200583300","1359375000","890625000","147268728","2518571900","1812500000","1015625000","328125000","640625000","21494896","9","600","23823","4138","6921","7770","16018","0","81505500","94680600","93750000","48531128","36","195","61686680","16459416","311729696","5593750000","3500000000","3550","12","46579064","8234"
"javafx","6",,"8903.9","162295808","227979264","0","423","60","10148","700103100","767828400","1062500000","64324608","1196","645386700","127721400","968750000","24754048","480626300","156250000","1897120","3215376200","1593750000","984375000","159057160","2521131700","1468750000","1031250000","515625000","515625000","21443376","9","600","23798","4137","6908","7764","16008","0","113032500","124796900","171875000","57738056","36","234","67467784","17349768","338388840","5906250000","3750000000","3695","12","55150392","8348"
"native","6",,"7170.8","166281216","215003136","1","246","60","10148","807980100","820691900","921875000","37226624","1071","558177900","17006800","515625000","62175584","317891100","234375000","19001504","1687610900","1125000000","687500000","384777080","2536567400","1484375000","843750000","609375000","187500000","360177888","434","600","23654","4162","4274","4365","46770","1","119742100","124221000","140625000","56816296","138","251","52578592","15473928","932981544","4718750000","3140625000","3210","13","44241200","6423"
"purefx","7",,"8856.4","148471808","205426688","2","389","60","10148","637190600","708569800","921875000","59957624","1102","619287400","119581300","890625000","24126384","479096100","187500000","1883104","3215586300","1515625000","1000000000","147295304","2515049000","2031250000","1062500000","265625000","750000000","21697728","52","600","23856","4143","6931","7895","12144","0","78040800","90588300","109375000","48367880","36","187","61747272","16466512","311934216","6109375000","3859375000","3550","12","46594800","8164"
"javafx","7",,"8896.7","161751040","227229696","0","413","60","10148","706045800","781906200","1031250000","64695208","1199","629576700","122868400","953125000","24416000","468316200","187500000","1897040","3232106300","1421875000","968750000","159338992","2521374200","1218750000","875000000","468750000","390625000","21670376","10","600","23796","4144","7057","7802","9125","0","110433200","124156300","109375000","57594576","36","228","67697056","17358008","338721720","5390625000","3656250000","3695","12","55140592","8343"
"native","7",,"7192.8","166281216","214937600","1","235","60","10148","825942800","841111100","968750000","37242408","1080","569404500","18386700","609375000","62299248","318381000","218750000","18995856","1683470900","1250000000","734375000","384546056","2533006300","1500000000","921875000","671875000","234375000","360319936","248","600","23687","4159","4288","4439","42566","1","122952600","127022900","125000000","56814064","138","257","53079840","15473632","933024096","4984375000","3328125000","3210","13","44239512","6435"
