"metric","javafx","native"
"exit_code",,
"wall_ms","8894","8456.5"
"peak_working_set_bytes","162144256","195100672"
"peak_private_bytes","227508224","277336064"
"backend_native","0","1"
"start_uptime_ms","415","447"
"fields","60","60"
"nodes_created","10148","10148"
"build_show_ns","699795800","766529600"
"build_to_frame_ns","767608000","792884000"
"build_cpu_ns","968750000","1015625000"
"build_allocated_bytes","64489760","37723800"
"first_frame_uptime_ms","1190","1250"
"records_ns","636343800","625771700"
"records_work_ns","123423100","17438400"
"records_cpu_ns","843750000","750000000"
"records_allocated_bytes","24722104","70589736"
"tabs_ns","477250500","335327600"
"tabs_cpu_ns","203125000","468750000"
"tabs_allocated_bytes","1897080","72400304"
"scroll_ns","3216018300","2871279400"
"scroll_cpu_ns","1578125000","3921875000"
"scroll_allocated_bytes","159389168","1580680944"
"sustained_ns","2523356300","2500597300"
"sustained_cpu_ns","1468750000","1203125000"
"sustained_allocated_bytes","21375592","403811512"
"sustained_frames","600","600"
"sustained_fps_x100","23777","23994"
"frame_p50_us","4142","4166"
"frame_p95_us","6978","4208"
"frame_p99_us","7797","4256"
"frame_max_us","14098","4321"
"jank_frames","0","0"
"big_items_ns","108095900","127635300"
"big_to_frame_ns","120181700","151290000"
"big_cpu_ns","125000000","156250000"
"big_allocated_bytes","57628272","61883848"
"gc_count","36","317"
"gc_time_ms","226","491"
"heap_peak_bytes","67513984","58792952"
"nonheap_bytes","17286216","15746024"
"allocated_total_bytes","338708200","2245803584"
"process_cpu_total_ns","5734375000","7921875000"
"classes_loaded","3678","3231"
"thread_count","12","13"
"heap_live_after_gc_bytes","55130504","48171752"
"done_uptime_ms","8335","7853"
